제목,링크
영재교육원 보낼려고 고민하시는분들 발명교육센터를 추천드립니다.,https://blog.naver.com/tintincreative?Redirect=Log&logNo=221716779284
영재교육원 보낼려고 고민하시는분들 발명교육센터를 추천드립니다.,https://blog.naver.com/tintincreative?Redirect=Log&logNo=221716779284
영재교육원 보낼려고 고민하시는분들 발명교육센터를 추천드립니다.,https://blog.naver.com/tintincreative?Redirect=Log&logNo=221716779284
영재교육원 보낼려고 고민하시는분들 발명교육센터를 추천드립니다.,https://blog.naver.com/tintincreative?Redirect=Log&logNo=221716779284
영재교육원 보낼려고 고민하시는분들 발명교육센터를 추천드립니다.,https://blog.naver.com/tintincreative?Redirect=Log&logNo=221716779284
영재교육원 보낼려고 고민하시는분들 발명교육센터를 추천드립니다.,https://blog.naver.com/tintincreative?Redirect=Log&logNo=221716779284
영재교육원 보낼려고 고민하시는분들 발명교육센터를 추천드립니다.,https://blog.naver.com/tintincreative?Redirect=Log&logNo=221716779284
영재교육원 보낼려고 고민하시는분들 발명교육센터를 추천드립니다.,https://blog.naver.com/tintincreative?Redirect=Log&logNo=221716779284
영재교육원 보낼려고 고민하시는분들 발명교육센터를 추천드립니다.,https://blog.naver.com/tintincreative?Redirect=Log&logNo=221716779284
영재교육원 보낼려고 고민하시는분들 발명교육센터를 추천드립니다.,https://blog.naver.com/tintincreative?Redirect=Log&logNo=221716779284
